Version 1.19,HX-6500-03 5.11,,
POS Number 001,Branch Number 0001,FOUR SEASONS ORGANIC,Mac address 00-0f-c2-00-c0-2b
Z-Reset Report,PLU Sales [1st Level],2023-03-02T12:27:06+10:00,
,,,
Code,Description,Quantity,Value
1,EGGS DOZEN 700G,17000,18700
7,GARAM MASALA,15,120
11,COOKIES,3000,1200
12,BROWNIE,4000,2800
19,GREEN JUICE,4000,4000
20,RAW CAKE,5000,4000
31,APPLES GOLDEN DEL,2830,2772
32,APPLES ROYALGALA,11575,11337
34,APPLES GRANNY SMITH,2925,2864
35,APPLES PINK LADY,520,509
36,APPLES JUICING,3085,1851
40,AVOCADO,36000,16200
41,SCALE MISC,2985,8163
48,CAVENDISH BANANAS,14475,7515
49,BANANAS LADY FINGER,7880,6304
54,BEANS,570,570
55,BLUEBERRIES,5000,4000
57,BEETROOT LOOSE,2790,2232
59,BROCOLLI ,7660,8349
61,BOK CHOI,2000,1000
67,CABAGE,1000,1000
70,CAPSICUM RED,2300,5060
71,CAULIFLOWER,3000,3000
75,CARROTS,8960,7068
76,CARROTS JUICING,5790,1736
78,celery,10000,10000
79,CELERY HALF,1000,600
81,LEBANESE CUCUMBER,11740,11740
89,ESCHALLOTS,1000,550
94,GARLIC RUSSIAN,1855,11501
95,GARLIC ITALIAN,195,1209
96,GINGER,1585,3961
99,GREEN GRAPES,3335,5000
106,KALE BUNCH,5000,2750
112,LEEKS,1000,350
113,cos lettuce,2000,1000
117,LEMONS ORGANIC,1165,1398
119,LIMES ORGANIC,1190,2380
121,LYCHEES,1270,5080
123,RAW CACAO POWDER,1015,2639
128,NECTARINES YELLOW,625,1250
130,MUSHROOMS BULK,2440,8784
131,MUSHROOMS PRE-PACK,1000,720
133,ONIONS RED,1665,1665
134,ONIONS BROWN,7645,5348
136,ORANGES NAVEL,4655,3023
139,ORANGES VALENCIA,5695,3698
142,PAW PAW,1470,1176
146,PEARS,2220,2440
149,PLUMS,3655,6579
150,PLUMS SUGAR,1205,2169
153,POTATOES,14810,8886
154,SWEET POTATOES,15995,12796
155,PUMPKIN JAP,10775,5923
170,SNOWPEAS,445,1556
178,STRAWBERRIES,19000,20900
180,CASHEW SALT/ROAST,245,784
185,TOMATOES ROMA ,1150,1150
186,TOMATOES ROUND,2035,2442
187,TOMATOES CHERRY,6000,3600
191,ZUCCHINI,6410,5128
192,WATERMELON SEEDLESS,13950,6973
213,CAROB HONEYCOMB,1155,2827
215,CAROB BANANA,100,450
226,MUESLI RAW ORGANIC,610,945
228,RICE BRAN FLAKES,70,101
229,RICE PUFFS ORGANIC,65,221
234,CHOCOLATE DARK,100,360
237,CHOC ALMONDS  ORG,385,2387
241,CHOC GINGER ORG,190,950
243,CHOC CHIPS,455,1729
244,CHOC LICORICE ORG,545,2398
247,COCONUT DESICCATED,2050,2050
248,COCONUT FLAKES,205,205
249,CHOC MACADAMIAS,255,1734
253,DATES FRESH ORG,1505,4214
258,DRIED MANGOS,1335,12015
262,DRIED CURRANTS,280,405
265,BUCK WHEAT FLOUR ORG,335,284
269,RYE FLOUR ORG,1205,795
271,SPELT PLAIN FLOUR ORG,3395,3055
272,SPELT WHOLE FLOUR ORG,4205,3783
273,WHEAT WHOLE FLOUR ORG,2995,1855
274,WHEAT PLAIN FLOUR ORG,1520,942
282,ARROWROOT ORGANIC,210,270
284,BESAN FLOUR,940,1287
290,CASSAVA FLOUR,240,456
294,TAPIOCA STARCH ORGANIC,1050,1050
297,ALMOND MEAL,370,814
302,AMARANTH GRAIN,120,118
303,BUCKWHEAT GRAIN,700,560
306,MILLET GRAIN,1250,1124
312,BEE POLLEN HONEY,55,825
313,BUSH HONEY,4435,6429
320,LENTILS DU POOY,475,513
323,SPLIT RED LENTILES,1790,1933
326,LICORICE SPELT ORG,485,895
336,HAZELNUTS ORG,555,1665
337,PECANS ORGANIC,345,1552
342,WALNUTS AUSTRALIAN,1560,3744
343,RAW CACAO NIBS,210,840
345,ALMONDS IF,375,862
346,ALMONDS BIODYNAMIC,1080,4104
347,BRAZIL NUTS,445,1379
349,CASHEWS RAW ORGANIC,1275,3570
350,MACADAMIAS ORG,940,6486
356,BLUE LAKE OATS,3285,2231
360,PROTEIN WHEY ISOL,950,5225
363,PSYLLIUM HUSK,1080,3456
366,QUINOA TRICOLOR,280,406
368,SLIPPERY ELM,195,2632
374,BASMATI RICE WHITE,3750,3936
377,MEDIUM BROWN RICE BIO/,450,382
387,EPSOM SALT,1930,993
389,HIMALAYAN SALT,160,144
396,POPCORN ORG,745,476
397,PEPITAS ORG,315,1008
399,SUNFLOWER SEEDS ORG,240,456
408,TAMARI BULK ORG,305,576
416,MACA POWDER,170,408
427,COCONUT SUGAR,825,990
431,ALMOND CRACKERS,145,688
432,CORN CHIPS ORG,530,1324
436,SOYA CRISPS,1630,2345
444,RAISINS ORG,390,624
445,SULTANAS ORG,1045,1672
446,SPIRULINA POWDER,85,1665
460,ROOIBOS TEA ORG,155,930
461,SENCHA GREEN TEA ORG,55,341
463,ROSE PETALS,135,1485
466,EARL GREY TEA,55,374
481,BAY LEAVES ORG,10,145
489,CARDAMON ORG,35,560
494,CUMIN GROUND ,65,455
495,CINNAMON POWDER CASSIA ORG,35,206
500,CORIANDER SEED,40,200
502,CUMIN SEED ,50,340
504,CURRY LEAVES,-5,-27
505,CHAMOMILE FLOWERS,20,150
508,DANDELION LEAF ORG,10,70
510,DANDELION ROOT,60,192
512,CORIANDER POWDER,20,104
519,EPILOBIUM ORG,90,855
521,FENNEL ORG,55,302
526,GINGER POWDER ORG,30,180
529,GOTU KOLA ORG,10,82
537,LICORICE STICK,5,40
540,LEMON BALM ORG,5,47
548,MARJORAM ORG,15,100
549,MARSHMALLOW ROOT ORG,40,340
556,MUSTARD SEED Black/Yellow,15,48
561,NIGELLA ORG,50,280
565,OAT STRAW ORG,155,992
569,PAPRIKA SWEET,15,120
592,SCHISANDRA ,55,687
601,TUMERIC ORG,55,275
613,KIN KIN LAUNDRY/DISHW,530,609
614,HERBON DISHWASH POWDER,695,830
615,HERBON LAUNDRY POWDER,3420,3060
626,M/ROSE CAS LQD SOAP,965,1495
628,COCONUT SOAP LGE,1000,550
640,MARINARA ,1000,2700
641,CORALTROUT/GOLDBAND,255,2295
642,RAW PRAWN  400G,2000,6300
644,SPANISH MACKRELL,220,1540
645,REDSNAPER,240,1656
653,SAUSAGES THIN ORG,1000,1400
654,MINCE ORG,4000,6160
672,BREAST FILLET ORG,2000,3500
674,CHICKEN NECKS,1000,1300
676,CHICKEN SAUSAGES,3000,5040
680,LAMB & GARLIC SAUSAGE ,1000,1400
683,LAMB MINCE ORG,1000,1960
684,LAMB LOIN CHOPS ORG,1000,2310
689,PORK MINCE ORG,5000,8400
690,BACON NITRITE FREE,2000,4760
698,MISC NO GST,20000,16364
699,MISC,32000,32605
705,HERBAL TINCTURE 100ml,1000,3000
706,HERBAL TINCTURE 200ml,1000,5000
707,HERBAL TINCTURE 500ml,1000,10000
712,CRANBERRY,165,495
714,DRIED APRICOTS,70,168
725,JUICES,15000,13500
733,COYO NAT,2000,1600
760,CORIANDER BUNCH,8000,4400
762,FENNEL,5000,2500
763,PARSLEY BUNCH,1000,550
767,RAPADURA SUGAR,940,732
774,MUFFINS,3000,1650
776,BUTTERFLY PEA ORG,20,240
777,ROSE TEAS,15,148
786,CINNAMON CEYLON POWDER,55,412
789,EDEN SEEDS,6000,2340
790,CARROT CAKE,1000,600
796,ONION POWDER,70,392
799,GRANOLA 500G,1000,2500
93451345,BLACKMORES P.P.M.P,1000,1550
93559928,beef stick,4000,1340
94575552,THOMP VIT C 1000MG 60T,1000,2600
94575675,TMP ORGANIC IRON ,1000,1890
18787778326,ROSE PURE CASTILE,1000,3845
18787792056,DR.B SLWD/JAS SOAP,1000,1050
27275200058,AUROMER NEEM TOOTH,1000,1295
76950204553,YOGI  POSITIVE ENERGY,1000,995
76950415164,YOGI EGYP LICORICE 36G,1000,995
76950450011,YOGI BEDTIME 24G,1000,995
80687032204,PEACE L & V COCONUT OIL,1000,1695
80687033799,PEACE LOVE GREEN,1000,1900
80687033997,PLV KEFIR COCONUT WATER,1000,960
80687034062,super probiotic kefer,1000,960
80687436460,BYRON BAY BROTH,4000,9600
80687474134,BYRON BAY BROTH,2000,2940
80687474141,BYRON BAY BROTH,1000,1470
80687505647,NE BANANA FLOUR,1000,1895
89836196309,SO MILD TACO,1000,1090
89836196316,so southwest taco sauce,1000,1090
6.09728E+11,HF HEMP PROTEIN,1000,2695
6.10696E+11,URBAN FORAGER VEGETABLE STOCK,1000,2020
6.16807E+11,KEHOES TUMERIC SAUERKR,4000,5520
6.16807E+11,KEHOES BASIL CHEESE,3000,4140
6.16807E+11,KEHOES KIMCHI,3000,4140
6.16807E+11,KEHOES KIMCHI,8000,11040
6.46437E+11,ORGANIC CHICKEN PATE,1000,1690
6.46437E+11,SHIITAKE PATE,1000,1840
6.61475E+11,BIOIT TOM PASTE 300G,1000,450
6.61475E+11,BIO CHICK PEAS,1000,265
6.61475E+11,BIOIT PEELED TOMATO,3000,300
6.61475E+11,BIOIT CHOP TOMATOES,5000,1450
6.61475E+11,BIO STRAINED TOM 720,7000,2800
6.80248E+11,FSN MEMORY 60C,1000,5795
6.80248E+11,FSN MAGNESIUM ADV,1000,5095
6.80275E+11,ENGLISH TEA SHOP PACK,1000,710
6.80569E+11,DRSPR WILD B/BERRIES,1000,1395
6.80569E+11,DR SUPER CHERRIES,1000,1095
6.8057E+11,CAROB COCONUT BANJO,1000,130
6.8057E+11,CAROB KBANJO,4000,520
6.8057E+11,BANJO MINT CAROB BEAR,1000,130
7.02383E+11,vegan umami broth,1000,2020
7.06503E+11,BROWN MUSHROOMS,1000,720
7.06503E+11,WHITE CUP MUCHROOM,3000,2160
7.06503E+11,SOL grass fed GHEE 275,1000,1895
7.06503E+11,VEGAN DAIRY BUTTER,1000,1140
7.08163E+11,BOULDER SEA SALT AVO OIL,1000,870
7.08163E+11,boulder pepper,1000,740
7.08164E+11,BOULDER SEA SALT,1000,740
7.19923E+11,SOL GHEE ,1000,2295
7.20516E+11,ORGRAN PANCAKE MIX,1000,520
7.20516E+11,VEG RICE SPIRALS 350G,1000,550
7.20516E+11,BUCKWHEAT SPIRALS 350G,1000,550
7.20516E+11,BUONTEMPO SPIRALA,1000,530
7.20516E+11,PENNE PASTA,1000,515
7.35204E+11,WHITE CORN TOTOPOS,3000,2880
7.45761E+11,SIMPKY SPRING WATER 600ML,4000,800
7.45761E+11,WATER,1000,400
7.46161E+11,FEEL GOOD BANANAS,1000,2100
7.46935E+11,PLANTASY FOODS PROTEIN PATTY,1000,995
7.46935E+11,gf rigatoni,1000,745
7.6899E+11,NN ARCTIC COD LIVER 90,1000,4500
7.70009E+11,IYC KITCHEN TWINE,1000,945
7.82126E+11,NC PANTY LINERS CURVED,1000,700
7.84928E+11,LITTLE Z CHILLI CHOC,1000,795
7.87099E+11,YUMBAR VANILLA,2000,1500
7.87099E+11,YUMBAR CHOC,3000,2250
7.89673E+11,MTN BREAD SPELT 200G,3000,1350
7.93573E+11,ORIG COLL/SILV 200ML,1000,3895
7.93574E+11,MONTVLE DECAF BEANS,1000,1690
7.93574E+11,MONT SUNSHBEANS 1KG,1000,4500
7.93574E+11,MONTVLE S/C BEANS 250,1000,1490
7.93574E+11,MONTVLE S/C BLEND 250G,2000,2980
7.93574E+11,MONTVLE S/C PLUNGER 25,1000,1490
7.93574E+11,MONTVLE S/C BEANS,1000,4500
7.93574E+11,MONT WOODFORD ESSP250,1000,1490
7.93592E+11,LOCAKO NATURAL COLLAGEN,1000,4295
7.93592E+11,BEST OF BONE GREEN CURRY,1000,3000
7.94713E+11,SUNFLOWER SPROUTS,5000,3500
7.97776E+11,GWEN TRAD TEMPHER,2000,1980
7.97777E+11,F CHIA CO. MASALA 125G,1000,1295
7.97777E+11,CAMEL MILK,2000,3580
7.9944E+11,GWEN TRAD TEMPHER,1000,990
7.9944E+11,GWEN TRAD TEMPHER,3000,2970
7.9944E+11,GWEN TRAD TEMPHER,2000,1980
7.9944E+11,BYRON  BAY MACA MUESLI,1000,1445
7.9944E+11,BB MACA MUSELI GF VEGAN,1000,1500
8.01542E+11,OI TULSI LAX,1000,770
8.01542E+11,ORG INDIA TULSI COLLECTION,1000,770
8.06809E+11,LOCAKO GRASS FED BAR,3000,1470
8.10165E+11,YUMEARTH ORGANIC POP,1000,100
8.13424E+11,ACURE SIMPLY SOOTHING CONDITION,1000,1695
8.51093E+11,SEAWEED SNACK,1000,395
8.51093E+11,GIMME SEAWEED,1000,1195
8.51093E+11,GIMME SEAWEED,1000,1195
8.51093E+11,GIMME FULL SHEETS,3000,2685
8.51093E+11,GIMME FULL SHEETS,2000,1990
8.51228E+11,HURRAW CHERRY,1000,795
8.51228E+11,HURRAW SPF15,1000,850
8.51562E+11,,2000,790
8.51562E+11,sea salt vinegar crisps,2000,790
8.98414E+11,EPIC PEPERMINT GUM,1000,1495
4.00164E+12,WEL PLANT GEL T/PASTE,1000,995
4.00164E+12,WEL SALT T/PASTE,1000,995
4.00164E+12,WEL SKIN FOOD ,1000,2695
4.00164E+12,WEL  ROSE BODY OIL,2000,6990
4.00164E+12,WELEDA FACIAL LOTION,1000,2895
4.26033E+12,VEGO HAZELNUTS,1000,895
5.00049E+12,BACH RESCUE PASTILLES,1000,1650
5.00049E+12,BACH RESCUE REM 20ML,1000,3390
5.01691E+12,KINGFISHER NAT T/PASTE,2000,1990
5.02199E+12,CLIPPER MED ROAST 100G,1000,1913
5.02199E+12,CLIPPER DECAF 100G,1000,2095
5.02199E+12,CLIPPERS DECAF TEA,1000,655
5.02935E+12,ALOEDENT WHITENING ,2000,2390
5.06018E+12,DRORG POMEGT/PASTE ,1000,1295
5.0602E+12,ORG COTTON PADS,1000,895
5.06023E+12,PUKKA CLEAN MATCHA G,1000,875
7.29011E+12,MEDJOOL DATES 1KG,1000,3200
7.61031E+12,AVOGEL PLANTAFORCE,1000,695
7.61031E+12,AVOG HERBAMARE 500G,1000,1995
8.0087E+12,SCHAR DIGESTIVE BISCUITS,1000,1045
8.01674E+12,HERBATINT 5D,1000,2360
8.01674E+12,HERBATINT 7D,1000,2360
8.01674E+12,HERBATINT 4M,1000,2195
8.02405E+12,BIO SEMOLINA PASTA,1000,370
8.02405E+12,BIO TAGLIATELLE 500G,1000,600
8.03289E+12,GIROL PASTA FUSSILI,1000,1000
8.03289E+12,GIROL FUSSILI PASTA,1000,620
8.03289E+12,GIROL SEMOLINA ORECCHI,1000,620
8.03289E+12,GIROLOMONI DRUM WHEAT SEMOLINA,2000,1240
8.90129E+12,VICCO TP LARGE,1000,990
9.30075E+12,GH ALOE HERB JUICE 1L,1000,2595
9.31003E+12,SELECT ORGANIC SEEDS ,1000,450
9.31049E+12,ESKAL PRETZELS 75G,1000,330
9.31049E+12,ESKAL RICE CAKES,1000,395
9.31125E+12,SPELT FLOUR WITH SPINACH,2000,1790
9.31125E+12,ANCIENT HARVEST FLAXSEED,1000,995
9.31125E+12,VEGAN WRAPS,2000,1790
9.31137E+12,EATRITE TAMARI CRCKRS ,2000,1000
9.31137E+12,NC EARL GREY TEA 60 TE,1000,850
9.31168E+12,SH WORMING REMEDY,1000,2850
9.31196E+12,plenty butter crunchy,1000,740
9.31197E+12,NG KEFIR TURKISH YOG,1000,985
9.31197E+12,SNAPPY JAW TOOTH STR,2000,1270
9.31215E+12,TP LAVENDER OIL,1000,1180
9.31215E+12,TP TEA TREE DEODORANT,1000,580
9.31223E+12,PUREHAR ALMOND MILK,1000,550
9.31223E+12,PH OAT MILK 1L,3000,1230
9.31223E+12,PUREHAR ALMOND MILK,2000,1200
9.31223E+12,COCO QUENCH,3000,1380
9.31233E+12,TRUE FRUIT 6 BARS,1000,610
9.31234E+12,UMBOSHI PLUMS,1000,1750
9.31234E+12,SPRL BONSOY 1L,2000,980
9.31234E+12,SPRL WHT JAP UDON 300G,1000,470
9.31234E+12,SF BLK SES RICE CRACKS,2000,1130
9.31234E+12,SPRL TAMARI 250ML,1000,980
9.31234E+12,SPIRAL COCONUT CREAM,2000,640
9.31234E+12,coconut milk,2000,560
9.31234E+12,SP CHICK PEAS,1000,330
9.31234E+12,SPIRAL DIJON,2000,1340
9.31234E+12,SP TUMERICMUSTARD,1000,615
9.31263E+12,MELR LAVENDER SOAP,1000,1350
9.31263E+12,MEL ALOE VERA JUICE,1000,1150
9.31281E+12,GRANTS PROPOLIS,1000,450
9.31408E+12,NBF VEGAN AIOLI,3000,2880
9.31408E+12,NBF VEGAN BASIL PESTO,2000,2060
9.31577E+12,METAGEN INFLAVONOID,1000,4735
9.31599E+12,VEGE CHIPS 50G,1000,245
9.31613E+12,AO ORG SUGAR,1000,610
9.31613E+12,AO SMOOTH PEANUT BUT,3000,2640
9.31613E+12,AO ORG TOMATO KETCHUP,6000,3780
9.31613E+12,AO SWEETCORN 330G,1000,360
9.31613E+12,ABS DICED TOM400G,2000,580
9.31613E+12,AO LENTILS 400G,3000,855
9.31613E+12,AO RED KIDNEY BEANS ,3000,855
9.31613E+12,AO RED QUINOA 400G,1000,800
9.31613E+12,AO CANNELLINI BEANS,1000,285
9.31613E+12,AO JASMIN RICE,2000,1860
9.31613E+12,AO BALS VIN 500ML,1000,1100
9.31613E+12,AO ORGANIC OLIVE OIL,3000,4500
9.31613E+12,AO ADZUKI SPAG,1000,520
9.31613E+12,EO CHICKPEA FETTUCINI,1000,520
9.31613E+12,AO CACAO BUTTER BUTTON,1000,1280
9.31613E+12,APPLE SAUCE,1000,895
9.31613E+12,AO KATAMATA OLIVES PITTED,1000,650
9.31677E+12,BONVIT INSTANT CHICORY,1000,1250
9.31713E+12,COUS COUS,1000,830
9.31713E+12,LOTUS BREWERS YEAST500,1000,1755
9.31722E+12,EPZEN RELAX,1000,1495
9.31732E+12,MEREDITH MARINATED GOAT 550GM,1000,2380
9.31732E+12,MERED GOAT CHEESE 320G,1000,850
9.31732E+12,MERED CHEVRE 150G,1000,810
9.31732E+12,MERED CHEVRE DILL 150G,2000,1490
9.31732E+12,MERED SHEEPS YOG 500G,1000,700
9.31732E+12,MERED SHEEPS YOG 1KG,5000,6375
9.31732E+12,MEREDITH 1KG GOAT,6000,7650
9.31737E+12,MR SANDALW OIL,1000,4495
9.31909E+12,ORTHOPLEX ACT B,1000,4595
9.31909E+12,ORTHOPLEX GIT IMMUNOBI,1000,4995
9.31993E+12,CASALARE MACARONI TWISTS,1000,505
9.3203E+12,ALCHEMY GOLDEN TUMERIC,1000,1495
9.32158E+12,KI IMMUNE DEFENCE FORTE 30 TABS,1000,5390
9.32173E+12,PO ROOIBOS TEA 40G,1000,595
9.32173E+12,PO CHAMOMILE 48G,1000,595
9.32173E+12,PO PASSIONFLWR TEA 28G,1000,695
9.32243E+12,SC GOLDEN FLAXSEED MEA,1000,1380
9.3228E+12,CHOC CHIP COOKIES,1000,500
9.32286E+12,BUSH HONEY 1KG,1000,1490
9.32286E+12,BUSH HONEY 500G,1000,1145
9.32347E+12,SHAMPOO W PURPOSE,1000,1595
9.32429E+12,M&P KALI MUR SPRY 30ML,1000,1195
9.32429E+12,M&P CALC PHOS TABLETS,1000,1410
9.32429E+12,M&P KALI PHOS TABLETS,1000,1475
9.32429E+12,M&P COMB K TABLETS,1000,1475
9.32453E+12,LAVENDER ESS OIL,1000,1795
9.32465E+12,SALT OF THE EARTH,2000,1440
9.32672E+12,GO LENTIL SOUP,1000,610
9.32672E+12,GO MINESTRONE SOUP,2000,1220
9.32672E+12,GO COCONUT CREAM,1000,240
9.32672E+12,GO VEGETABLE BARLEY SOUP ,1000,595
9.32672E+12,GO CHICKPEAS,1000,330
9.32675E+12,COCONUT OIL,1000,1600
9.3273E+12,OZ ORG TOMATO SAUCE,1000,660
9.3273E+12,MAYONNAISE,2000,1960
9.3273E+12,OZ PASTA BOLOGNESE,1000,680
9.3273E+12,OZ GANICS SALSA MILD,2000,1120
9.3273E+12,OZ ORG BUTTER CHICKEN,1000,680
9.32755E+12,PURE LIFE ESSENE,1000,1240
9.32755E+12,PLIFE KHORSAN ,2000,2860
9.32758E+12,VEGESORB 100G,1000,1295
9.32809E+12,MELATONIN,1000,2295
9.32873E+12,ZINCDROPS 50ML,1000,2495
9.32881E+12,ORG MUNG NAT YOGHURT,2000,1160
9.32881E+12,mungalli pouring cream,4000,4480
9.32881E+12,ORG MUNGALI QUARK,1000,1090
9.32881E+12,MUNGALLI GREEK ,1000,970
9.32881E+12,ORG.BERRY YOGHURT,3000,1830
9.32892E+12,HAFLA HOMMUS 350G,3000,2850
9.32988E+12,BABY SPINACH BOX,13000,7800
9.32988E+12,BABY SALAD LEAVES,12000,7200
9.32988E+12,WILD ROQUETTE,13000,7800
9.33036E+12,HILTON ORG PRUNES 250G,4000,1600
9.33217E+12,ORG BARAM MILK,3000,1005
9.33217E+12,BRMBH FC MILK 2L,22000,12100
9.33217E+12,ORG BARAM MILK,1000,335
9.33217E+12,BARAM SLICED CHEDDAR,1000,750
9.33217E+12,ORG BARA TASTY CHEDAR,3000,2250
9.33217E+12,BARAM FETTA CHEESE,2000,1490
9.33217E+12,BARAMBAH FULL CREAM GLASS,3000,1200
9.33217E+12,ORG BARAMBAH LACT FREE,3000,1650
9.33217E+12,BRMBH BSHHNY YOGHURT,2000,1220
9.33217E+12,BRMB STWBRY YOG 500G,2000,1220
9.33217E+12,BRMB NATURAL YOG 1KG,9000,8055
9.33217E+12,BRMB NAT YOG 500G,1000,540
9.33217E+12,BRMBH FETA 200G,1000,900
9.33217E+12,BRMB PURE CREAM 200G,1000,470
9.33251E+12,EAGLE POTASI,1000,2465
9.33251E+12,EAGLE VITAMIN D3,1000,2230
9.33283E+12,CACAO GOLD 450G,1000,2495
9.33283E+12,SEA POWER DULSE LF 50G,1000,1695
9.33471E+12,COBS ORG SWEET POPCOR,1000,570
9.33482E+12,ANZAC COOKIES GF,1000,895
9.33482E+12,BRITTS CHKN/VEG PIE L,1000,2250
9.33482E+12,BRITTS BEEF&VEGE PIE,1000,2450
9.33497E+12,BYRBAY  GADO GADO,3000,2070
9.33497E+12,SPINACH PESTO,4000,3000
9.33497E+12,BYRBAY SPIN/CHSE ROLL,4000,2160
9.33497E+12,BYRBAY THAI CHKN ,2000,1320
9.33497E+12,BYRBAY CHKN MORNAY,4000,2840
9.33497E+12,BYRBAY STEAK,5000,3500
9.33497E+12,BYRBAY MEXICAN BEEF PI,4000,2760
9.33497E+12,BYRBAY  PEPPER STEAK,5000,3450
9.33497E+12,BYRBAY CURRY LENTIL ,2000,1320
9.33497E+12,BYRBAY GF THAI CHKN,2000,1570
9.33497E+12,BYRBAY GF MEXICAN ,3000,2250
9.33497E+12,BYRBAY GF CURRY LENTIL,1000,615
9.33497E+12,BYRON BAY GADO GAD0,1000,785
9.33497E+12,BYRBAY GF STEAK,2000,1460
9.33497E+12,BRYONPIES GF CHEESE/SPIN ROLL,4000,2680
9.33508E+12,GF HOMMUS DIP 200G,6000,4200
9.33508E+12,BEETROOT DIP,5000,3500
9.33508E+12,OI HOMMUS CHILLI,2000,1400
9.33508E+12,VEGAN PESTO OLIVE,1000,1050
9.33613E+12,WOTNOTWIPES,1000,495
9.33613E+12,WOTNOT BABY WIPES,1000,295
9.33632E+12,NIU COCO SAUC 250ML,1000,1195
9.33633E+12,LITTLE KID 50G,4000,1960
9.33633E+12,BAROSSA CAMEMBERT,2000,1690
9.33633E+12,GLUTEN FREE CRISP BREADS,5000,2000
9.3366E+12,GOOD FISH TUNA,1000,1590
9.3366E+12,GOOD FISH SALMON,2000,3390
9.3367E+12,LEMON MYRTLE SOAP,2000,990
9.33743E+12,NATURES OWN ORGANIC TROPICAL,2000,900
9.33777E+12,SOL LIGHT RYE SRDOUGH,1000,900
9.33777E+12,SOL BR PAIN DE CAMP SL,8000,7200
9.33777E+12,SOL RICE/PUMPKIN,14000,13300
9.33777E+12,SOL BRD GF MEGAGRAIN,6000,5700
9.33777E+12,SOL OLIVE/THYME,2000,2000
9.33777E+12,SOL BRD GF RICE & CHIA,3000,2850
9.33777E+12,SOL GF PALEO,1000,1400
9.33777E+12,SOL PALEO,1000,1400
9.33777E+12,SOL BR COUNTRY LOAF,4000,3560
9.33777E+12,SOL DARK RYE,1000,900
9.33777E+12,CHIA FLAXSEED,1000,950
9.3379E+12,BIOCEU D3 K2,1000,5095
9.3379E+12,ADRENOPLEX 60C,1000,3195
9.3379E+12,BIOCEU BABY BIOTIIC,1000,3450
9.33796E+12,HONEST SEA TERIYAKI,2000,480
9.3382E+12,NOAHS VALENCIA,1000,450
9.3382E+12,NOAH APPLEPEACH 260,6000,2700
9.3382E+12,NOAHS ORANG/APPLE/GUAV,4000,1800
9.3382E+12,NOAH COCONUT/PINEAP,1000,450
9.3382E+12,NOAHS RASPBERRY,2000,900
9.33842E+12,OTIMES  CHOC MACA MILK,1000,1495
9.33842E+12,OT CHOC GEMS ,2000,790
9.33884E+12,MP VIT C HESPERIDIN,1000,2615
9.33907E+12,SOL HOTXBUNS,1000,1070
9.3392E+12,ELGIN FRZN BLACKBERRIE,1000,890
9.3392E+12,ELGIN FRZN R/BERRIES,2000,2640
9.3392E+12,ELGIN WILDBLUBERRIES1k,2000,5890
9.3392E+12,FROZEN CHERRIES,1000,990
9.3392E+12,ELGIN WILDBLUBERRIES,3000,3150
9.3392E+12,ELGIN FROZ BEANS,1000,950
9.3392E+12,ELGIN MANGO CHUNCKS 350G,1000,930
9.3392E+12,ELGIN RASPBERRIES,1000,3250
9.33934E+12,PGF VANILLA BEANS,1000,830
9.33934E+12,CHEF CH GRAPESEED OIL,1000,1285
9.33934E+12,CHEF CH PERSIAN SPICED BASMATI,1000,605
9.33934E+12,CHEF CH SEA SALT,2000,890
9.33934E+12,CHEFS CHOICE RED RICE 500G,1000,740
9.33934E+12,CC ALMOND MEAL,2000,2670
9.33934E+12,CHEFS CHOICE BLACK EYED BEANS,1000,235
9.33971E+12,LE MESQUITE,1000,1295
9.33971E+12,LOVEAR CHOC CLUSTERS,1000,1395
9.33971E+12,LOVEAR PALEO MIX,1000,1525
9.33994E+12,MARPLE SYRUP 1L,1000,4200
9.34E+12,ANCIENT OAT ROLLS,1000,960
9.34E+12,ANCIENT ORG TIGRIS,1000,890
9.34E+12,ANCIENT ORG SPELT,4000,3580
9.34045E+12,BAMBOO G-STRING,4000,5580
9.34076E+12,2DIE4 ACT ALMONDS 300,1000,2695
9.34076E+12,2DIE4 ACTPISTACHIOS,1000,1795
9.34076E+12,2DIE4 ACT ALMONDS,1000,4995
9.34076E+12,2DIE4 ACT HOLLY CACAO,1000,1295
9.34076E+12,2DIE4 ACT VEGAN PECANS,1000,1395
9.34076E+12,2DIE4 ACTIVATED MACADAMIA 250G,1000,3895
9.34078E+12,PICO MINT CRISP,2000,1520
9.34078E+12,OATY BRUCE ,1000,590
9.34078E+12,AO ALMOND NUTTY B UNS,5000,2950
9.34078E+12,LO BROS FRUIT CRUSH,2000,960
9.34078E+12,LO BROS KOMBUCHA,3000,1440
9.34078E+12,LO BROS NOT SODA RASP,3000,1170
9.34118E+12,AUSGANICA FRANKINCENSE,1000,3550
9.34171E+12,LEMONGRASS TEA,1000,995
9.34245E+12,INSTANT RAMEN,2000,1390
9.34245E+12,quinoa brown rice noodles,1000,795
9.34282E+12,HAND N HOE MACA BUTTER,1000,2175
9.34282E+12,HAND N HOE MACADAMIAS,1000,2250
9.34282E+12,HAND N HOE MACA BUTTER,1000,5700
9.34333E+12,HS PEPPER&LAV SOAP,1000,695
9.34372E+12,NUTRA ORG CHICKEN BONE BROTH,1000,4395
9.34372E+12,NUTRA ORG VEGE BROTH,1000,2595
9.34372E+12,NUTRA MARINE COLLAGEN BEAUTY,1000,5995
9.34406E+12,PITAYA,1000,950
9.34406E+12,RAW WOMENS MULTI,1000,2995
9.34546E+12,AUSSIE OATS,1000,1395
9.34591E+12,ALTER BLACKOUT,1000,595
9.34591E+12,ALTER SEA SALT,2000,1100
9.34591E+12,ALTER BURNT CARAMEL,1000,645
9.34591E+12,ALTER SALTED CAR TRUFF,1000,1200
9.34591E+12,ALTER DARK MINT,1000,1200
9.34591E+12,ALTERBLACKOUT,3000,1935
9.34591E+12,ALTER ECO TOTAL BLACKOUT,1000,645
9.34629E+12,TOMORG OVERNIGHT PADS,1000,935
9.34676E+12,PANA MACAD WHITE,1000,695
9.34676E+12,PANA GOLDEN COMB,3000,2085
9.34676E+12,PANA MACADAMIA MANGO CHOC,1000,695
9.34676E+12,PANA VANILLA BEAN ICECREAM,1000,1500
9.34676E+12,BURNT FIG ICECREAM,1000,1500
9.34676E+12,PANA COCO CRUNCH,1000,1350
9.34694E+12,BEETROOT DIP,1000,2240
9.34694E+12,MACADAMIA CHEESE,1000,2050
9.34694E+12,BC MUSHROOM TRUFFLE,1000,2150
9.34747E+12,HEAVENLY BATH MILK,7000,7630
9.3476E+12,ECO TAN FACE TAN WATER,2000,7990
9.3476E+12,ECO TAN HYDRATOR,1000,3995
9.34783E+12,THE AUST BEARD SOAP,1000,1295
9.34789E+12,ORGANIC GF SALTED CORN CHIPS ,4000,4200
9.34794E+12,COCOFRIO,1000,1350
9.34808E+12,EBO MACADAMIA OIL,1000,1495
9.34915E+12,NAPPIES SIZE 4,2000,4920
9.3495E+12,FIRST PRESS COLD PRESS,5000,8000
9.3499E+12,KOOEE BEEF JERKY SEA SALT,1000,620
9.35011E+12,BUCHI MAMA,1000,545
9.35011E+12,BUCHI GINGER TUMERIC,6000,3270
9.35011E+12,BUCHI GALANGAL,2000,1090
9.35011E+12,BUCHI DEEP GREEN CAN,1000,545
9.35011E+12,BUCHI KEFIR CAN 375ML,4000,2180
9.35063E+12,BUG GRR OFF SPRAY,1000,1995
9.35072E+12,TEFF FLOUR GF 500G,1000,1040
9.35092E+12,milk choc keto blueberries,1000,720
9.35185E+12,COYO NATURAL 500G,2000,2340
9.35185E+12,COYO ANILLA BEAN,1000,1170
9.35185E+12,COYO ICECREAM,1000,1230
9.35185E+12,COYO SEA CHOCOLATE,1000,560
9.35185E+12,COYO VANILA ICECREAM SM,1000,560
9.35185E+12,COYO VANILLA 900G,4000,6280
9.35185E+12,COYO NATURAL,2000,3140
9.35185E+12,COYO MANGO FROZEN YOGHURT,1000,1250
9.35186E+12,MINGLE CACOA BRAIN POWER,1000,1895
9.35186E+12,MINDFUL FOODS WALNUTS,1000,1595
9.35186E+12,MINDFUL FOODS CASHEWS,1000,2695
9.35186E+12,stardust longevity,1000,1995
9.35191E+12,COCOCOAST RASPBERRY,3000,1095
9.35191E+12,COCO COAST PEAR,4000,1440
9.35192E+12,GAMZE SALMON,1000,1455
9.35192E+12,GAMZE HAM,2000,1640
9.35192E+12,GAMZE STREAKY BACON,2000,1640
9.35222E+12,NOOSA BASICS DEODO,1000,1815
9.35222E+12,NOOSA BASICS COCONUT STICK DEODO,1000,1815
9.35222E+12,NOOSA BASICS FLOSS,2000,2770
9.35222E+12,NOOSA BASICS DEO LM,1000,1595
9.35222E+12,NOOSA DEODORANT SPRAY LEMON,1000,1950
9.35222E+12,NOOSA DEODORANT SPRAY TEA TREE,1000,1950
9.35247E+12,KOALA VEGETABLE WASH,1000,1395
9.35251E+12,ROK ORIGINAL,2000,1040
9.35371E+12,FTN BOTANICAL CLUSTERS,1000,1295
9.35371E+12,FTN SPROUTED CLUSTERS WATTLESEED,1000,1295
9.35371E+12,BOTANICAL CLUSTERS,1000,2295
9.35371E+12,FOOD TO NOURISH GF MUESLI,1000,1995
9.35388E+12,SYMONDS MOZZARELLA,1000,980
9.35399E+12,WHOLE BODY COLLAGEN ,2000,12390
9.35406E+12,SPARKLE PINAPPLE JALA & LIME,1000,395
9.3544E+12,CAROB MILK BAR,2000,1300
9.3544E+12,CAROB VEGAN BANJO,5000,700
9.3544E+12,CAROB VEGAN BANJO,3000,420
9.3544E+12,CAROB SULTANAS,2000,320
9.355E+12,CAMEL MILK CHEESE,1000,1360
9.35564E+12,salted butter,7000,5250
9.35639E+12,BIG BOYS EGGS,8000,8800
9.35651E+12,SHITAKE MUSHROOMS,1000,900
9.35749E+12,MAKE BAKE CHOCLATE DROPS,2000,3200
9.35749E+12,loco love higher being 180g,1000,3500
9.35784E+12,LOCAKO CARAMEL MACCHIATO BAR ,2000,980
9.36806E+12,CARWARI BLACK SESAME O,1000,1375
9.37E+12,SYMONS ORG CHEDDAR,1000,840
9.37E+12,TACO SHELLS,1000,1050
9.37E+12,SYMONS ORG V CHEDDAR,2000,1540
9.37E+12,SYMONS ORG PARMESAN,1000,740
9.37E+12,WHOGIVES TOILET PAPER9,1000,860
9.37E+12,COCO COAST WATER,2000,1300
9.37E+12,COCO COAST WATER,6000,2100
9.37E+12,FTN CHOC CHIP COOKIE DOUGH,1000,395
9.37051E+12,KIN LIME DISH 550ML,2000,1590
9.37051E+12,KIN TANG DISH 550ML ,1000,795
9.37051E+12,KIN KIN ECO DISHW POWD,1000,1495
9.37945E+12,KINKIN ECO D/WASH POWD,3000,8265
9.40058E+12,THOMP GLUCOSAMINE,1000,5835
9.40058E+12,THOM LIVER CLEANSE,1000,6600
9.41575E+12,CERES GF PASTA SHELLS,1000,600
9.41575E+12,COCONUT NECTAR,2000,2000
9.41575E+12,CERES RCE CRACKERS,1000,380
9.41575E+12,CERES RICE CAKES,1000,400
9.41575E+12,CERES GHERKINS,1000,700
9.41575E+12,CERES RICE CAKES,4000,1500
9.41575E+12,CERES RICE BITES,1000,400
9.41599E+12,RED SEAL LIQORICE TEA,1000,450
9.41599E+12,RS LEMON FRESH T/PASTE,1000,495
9.41611E+12,WEL HYPERCAL CRM 36ML,1000,3295
9.42002E+12,ECO STORE RINSE AID,1000,695
9.42102E+12,ANTIPODES SPARKLING,1000,500
9.42102E+12,ANTIPODES WATER,2000,1300
9.42104E+12,CERES SMOKEY BBQ RICE CRACKERS,2000,760
9.4219E+12,BENNETO RASPBERRY,1000,800
9.4219E+12,HD FOUR SEASONS,2000,1580
9.42191E+12,ANTIPODES NIGHT CREAM,1000,6000
9.55353E+12,INIKA BB CREAM BEIGE,1000,6900
9.55353E+12,INIKA LIP GLAZE BLOSSOM,1000,3700
9.55586E+12,SORBERT BAR STRAWBERRY,1000,700
9.55586E+12,SORBERT BAR MANGO,2000,1400
1.06806E+13,WOGGOON HONEY,3000,5285
,ALL TOTAL,1400165,1523688
,,,
Receipt Number,X report number,Z1 report number,Z2 report number
42,5,177,1
